City_ID,City,Country,Date,Lat,Lng,Max Temp,Humidity,Cloudiness,Wind Speed
0,Karratha,AU,2022-09-17 01:16:41,-20.7377,116.8463,79.34,22,8,19.06
1,Cidreira,BR,2022-09-17 01:16:41,-30.1811,-50.2056,60.66,81,0,13.51
2,Pisco,PE,2022-09-17 01:16:41,-13.7,-76.2167,59.05,88,20,9.22
3,Baherden,TM,2022-09-17 01:16:42,38.4362,57.4316,69.03,34,80,1.43
4,Taoudenni,ML,2022-09-17 01:16:42,22.6783,-3.9836,91.56,17,0,8.5
5,Ushuaia,AR,2022-09-17 01:16:42,-54.8,-68.3,42.46,61,75,8.05
6,Rikitea,PF,2022-09-17 01:16:43,-23.1203,-134.9692,72.41,71,0,14.61
7,Yaring,TH,2022-09-17 01:16:43,6.8662,101.3689,80.89,76,73,8.95
8,Tongliao,CN,2022-09-17 01:16:44,43.6125,122.2653,65.34,67,100,4.74
9,Arraial Do Cabo,BR,2022-09-17 01:16:44,-22.9661,-42.0278,66.54,75,98,10.67
10,Atuona,PF,2022-09-17 01:16:44,-9.8,-139.0333,76.69,70,17,18.86
11,Srednekolymsk,RU,2022-09-17 01:16:44,67.45,153.6833,39.51,65,90,8.57
12,Sladkovo,RU,2022-09-17 01:16:45,55.5284,70.3385,43.38,64,22,7.99
13,North Myrtle Beach,US,2022-09-17 01:14:55,33.816,-78.68,76.06,85,0,0.0
14,Tavares,US,2022-09-17 01:16:14,28.8042,-81.7256,75.99,93,20,8.05
15,Hilo,US,2022-09-17 01:16:45,19.7297,-155.09,90.28,73,0,13.8
16,Banda Aceh,ID,2022-09-17 01:16:46,5.5577,95.3222,81.01,75,100,12.68
17,Jawhar,SO,2022-09-17 01:16:46,2.7809,45.5005,74.53,81,98,12.37
18,Yellowknife,CA,2022-09-17 01:16:46,62.456,-114.3525,64.56,67,40,9.22
19,Doha,QA,2022-09-17 01:12:05,25.2867,51.5333,91.38,40,0,12.66
20,Hobart,AU,2022-09-17 01:16:47,-42.8794,147.3294,57.25,70,75,10.36
21,Bandarbeyla,SO,2022-09-17 01:16:47,9.4942,50.8122,78.22,76,34,22.82
22,Waxahachie,US,2022-09-17 01:16:47,32.3865,-96.8483,86.32,60,0,0.0
23,Zhigansk,RU,2022-09-17 01:16:48,66.7697,123.3711,39.47,73,70,13.94
24,Jamestown,US,2022-09-17 01:13:43,42.097,-79.2353,65.84,75,0,1.01
25,New Norfolk,AU,2022-09-17 01:16:48,-42.7826,147.0587,56.91,72,100,1.99
26,Mataura,NZ,2022-09-17 01:16:48,-46.1927,168.8643,55.02,45,14,2.93
27,The Valley,AI,2022-09-17 01:16:49,18.217,-63.0578,83.1,79,64,31.12
28,Pevek,RU,2022-09-17 01:16:49,69.7008,170.3133,36.32,72,100,11.07
29,Vaini,TO,2022-09-17 01:16:49,-21.2,-175.2,78.96,83,40,8.05
30,Lebu,CL,2022-09-17 01:16:50,-37.6167,-73.65,45.01,93,100,13.71
31,Bethel,US,2022-09-17 01:16:50,41.3712,-73.414,64.76,78,0,0.0
32,Saskylakh,RU,2022-09-17 01:16:50,71.9167,114.0833,34.0,89,100,21.27
33,Mahebourg,MU,2022-09-17 01:16:51,-20.4081,57.7,71.26,78,40,12.66
34,Nikolskoye,RU,2022-09-17 01:16:51,59.7035,30.7861,46.29,95,74,6.89
35,Saint-Philippe,RE,2022-09-17 01:16:52,-21.3585,55.7679,65.79,84,44,15.05
36,Santa Maria,BR,2022-09-17 01:16:46,-29.6842,-53.8069,57.96,80,0,10.87
37,Hofn,IS,2022-09-17 01:16:52,64.2539,-15.2082,48.25,66,98,5.82
38,Codrington,AU,2022-09-17 01:16:52,-38.2667,141.9667,51.62,88,100,19.82
39,Busselton,AU,2022-09-17 01:16:53,-33.65,115.3333,60.03,80,100,8.68
40,Port Alfred,ZA,2022-09-17 01:16:53,-33.5906,26.891,60.19,88,100,3.0
41,San Roque,ES,2022-09-17 01:16:53,36.2107,-5.3842,70.63,68,0,10.36
42,Concepcion,CL,2022-09-17 01:16:54,-36.827,-73.0498,53.4,94,100,19.57
43,Punta Arenas,CL,2022-09-17 01:16:54,-53.15,-70.9167,41.11,70,75,19.57
44,Turek,PL,2022-09-17 01:16:54,52.0155,18.5005,47.61,69,81,12.84
45,Santa Isabel,BR,2022-09-17 01:16:55,-23.3156,-46.2214,56.16,93,100,6.44
46,Ecoporanga,BR,2022-09-17 01:16:55,-18.3733,-40.8306,70.63,87,64,10.2
47,Flin Flon,CA,2022-09-17 01:16:55,54.7682,-101.865,56.53,61,29,5.68
48,Ribeira Grande,PT,2022-09-17 01:16:56,38.5167,-28.7,73.54,85,48,10.29
49,Butaritari,KI,2022-09-17 01:16:56,3.0707,172.7902,82.15,70,78,13.27
50,Torbay,CA,2022-09-17 01:12:13,47.6666,-52.7314,56.75,91,75,12.66
51,Bengkulu,ID,2022-09-17 01:16:56,-3.8004,102.2655,77.45,85,82,3.09
52,Sistranda,NO,2022-09-17 01:16:57,63.7256,8.834,51.76,83,100,21.54
53,Slave Lake,CA,2022-09-17 01:16:57,55.2834,-114.769,58.98,82,0,4.61
54,Norman Wells,CA,2022-09-17 01:16:57,65.282,-126.8329,55.44,71,40,6.91
55,Buala,SB,2022-09-17 01:16:58,-8.145,159.5921,86.09,64,23,3.91
56,Kushtagi,IN,2022-09-17 01:16:58,15.7667,76.2,69.03,91,100,14.16
57,Ajaccio,FR,2022-09-17 01:16:59,42.0,8.9167,73.45,53,20,13.8
58,Port Macquarie,AU,2022-09-17 01:16:59,-31.4333,152.9167,77.9,40,2,8.1
59,Bluff,NZ,2022-09-17 01:16:59,-46.6,168.3333,50.07,60,17,9.82
60,Sinnamary,GF,2022-09-17 01:17:00,5.3833,-52.95,79.56,88,17,11.05
61,Bredasdorp,ZA,2022-09-17 01:17:00,-34.5322,20.0403,51.98,92,39,3.53
62,Albany,US,2022-09-17 01:15:41,42.6001,-73.9662,59.65,79,96,4.38
63,Siavonga,ZM,2022-09-17 01:17:00,-16.5382,28.7088,69.84,51,0,4.63
64,Dikson,RU,2022-09-17 01:17:01,73.5069,80.5464,32.22,88,22,7.78
65,Jining,CN,2022-09-17 01:17:01,35.405,116.5814,75.83,73,8,6.38
66,Nemuro,JP,2022-09-17 01:17:01,43.3236,145.575,65.16,88,100,11.36
67,Kargopol,RU,2022-09-17 01:17:02,61.5071,38.9456,50.23,97,100,7.81
68,Ahipara,NZ,2022-09-17 01:17:02,-35.1667,173.1667,58.98,51,65,5.86
69,Bathsheba,BB,2022-09-17 01:17:03,13.2167,-59.5167,84.81,79,20,17.27
70,Tucuman,AR,2022-09-17 01:17:03,-26.8241,-65.2226,57.2,51,100,6.91
71,Husavik,IS,2022-09-17 01:17:03,66.0449,-17.3389,43.11,90,100,5.84
72,Upernavik,GL,2022-09-17 01:17:04,72.7868,-56.1549,34.86,89,9,14.81
73,Katsuura,JP,2022-09-17 01:17:04,35.1333,140.3,82.06,65,100,10.38
74,Rodrigues Alves,BR,2022-09-17 01:17:05,-7.738,-72.6509,70.59,79,33,1.7
75,Luderitz,NA,2022-09-17 01:17:05,-26.6481,15.1594,62.01,74,97,8.23
76,Caravelas,BR,2022-09-17 01:17:05,-17.7125,-39.2481,71.37,91,0,5.5
77,Mizdah,LY,2022-09-17 01:17:06,31.4451,12.9801,71.11,59,0,5.86
78,Tuktoyaktuk,CA,2022-09-17 01:17:06,69.4541,-133.0374,41.0,81,100,4.61
79,Brae,GB,2022-09-17 01:17:07,60.3964,-1.353,48.9,69,100,20.85
80,Puerto Ayora,EC,2022-09-17 01:17:07,-0.7393,-90.3518,65.55,94,29,1.99
81,Khasan,RU,2022-09-17 01:17:07,42.4308,130.6434,66.34,90,100,3.2
82,Ribeirao Branco,BR,2022-09-17 01:17:08,-24.2208,-48.7656,51.73,89,100,10.09
83,Naron,ES,2022-09-17 01:17:08,43.5167,-8.1528,63.01,80,100,12.1
84,Kapaa,US,2022-09-17 01:17:08,22.0752,-159.319,84.18,73,100,6.91
85,Kavieng,PG,2022-09-17 01:17:09,-2.5744,150.7967,85.78,61,24,11.95
86,Bud,US,2022-09-17 01:17:09,39.447,-86.1758,73.24,82,67,5.23
87,Chabahar,IR,2022-09-17 01:17:10,25.2919,60.643,81.0,84,0,4.61
88,Luwuk,ID,2022-09-17 01:17:10,-0.9516,122.7875,83.37,66,100,4.88
89,Bolhrad,UA,2022-09-17 01:17:10,45.6826,28.6149,66.33,84,6,8.01
90,Terrace,CA,2022-09-17 01:15:52,54.5163,-128.6035,57.11,67,75,8.05
91,Severnoye,RU,2022-09-17 01:17:11,56.3491,78.3619,49.26,72,96,1.97
92,Iralaya,HN,2022-09-17 01:17:11,15.0,-83.2333,80.37,86,100,8.86
93,Carnarvon,AU,2022-09-17 01:17:12,-24.8667,113.6333,68.9,43,0,11.25
94,Soyo,AO,2022-09-17 01:17:12,-6.1349,12.3689,72.99,90,98,7.72
95,Ramnicu Sarat,RO,2022-09-17 01:17:13,45.3833,27.05,65.08,75,9,3.94
96,Ponta Do Sol,PT,2022-09-17 01:17:13,32.6667,-17.1,75.7,69,22,6.6
97,Bambous Virieux,MU,2022-09-17 01:17:13,-20.3428,57.7575,71.22,78,40,12.66
98,Chokurdakh,RU,2022-09-17 01:17:14,70.6333,147.9167,36.32,75,91,3.47
99,Constitucion,CL,2022-09-17 01:17:14,-35.3333,-72.4167,53.49,95,100,8.43
100,Rio Grande,BR,2022-09-17 01:17:15,-32.035,-52.0986,57.94,79,0,14.5
101,Khairabad,IN,2022-09-17 01:17:15,27.5333,80.75,74.89,98,72,7.11
102,Isangel,VU,2022-09-17 01:17:15,-19.55,169.2667,78.73,65,64,11.59
103,Hobyo,SO,2022-09-17 01:17:16,5.3505,48.5268,75.65,86,21,23.53
104,Alwar,IN,2022-09-17 01:17:16,27.5667,76.6,76.44,85,3,4.05
105,Longyearbyen,SJ,2022-09-17 01:17:17,78.2186,15.6401,31.84,74,75,10.36
106,Nome,US,2022-09-17 01:15:38,64.5011,-165.4064,50.07,87,100,21.85
107,Zaozerne,UA,2022-09-17 01:17:17,45.1582,33.2787,70.54,78,100,6.2
108,Carai,BR,2022-09-17 01:17:18,-17.1889,-41.6947,66.49,73,6,6.85
109,Nelson Bay,AU,2022-09-17 01:17:18,-32.7167,152.15,73.45,46,4,5.01
110,Kurchum,KZ,2022-09-17 01:17:19,48.5722,83.6542,48.43,51,0,3.85
111,Georgetown,MY,2022-09-17 01:15:41,5.4112,100.3354,82.33,88,20,1.14
112,Hermanus,ZA,2022-09-17 01:17:19,-34.4187,19.2345,55.8,83,45,6.17
113,Port Elizabeth,ZA,2022-09-17 01:17:20,-33.918,25.5701,60.31,85,0,10.36
114,Cherskiy,RU,2022-09-17 01:17:20,68.75,161.3,40.15,65,91,11.99
115,Black Forest,US,2022-09-17 01:17:20,39.0131,-104.7008,69.69,38,100,14.97
116,Elko,US,2022-09-17 01:16:49,41.0002,-115.5012,69.82,31,55,5.99
117,Trelleborg,SE,2022-09-17 01:17:21,55.3751,13.1569,52.99,81,80,13.98
118,College,US,2022-09-17 01:17:21,64.8569,-147.8028,60.75,57,75,4.61
119,Avera,US,2022-09-17 01:17:22,33.194,-82.5271,71.65,61,0,6.8
120,Havelock,US,2022-09-17 01:17:22,34.8791,-76.9013,75.18,86,0,6.46
121,Burnie,AU,2022-09-17 01:17:23,-41.0667,145.9167,52.92,92,100,20.04
122,Yar-Sale,RU,2022-09-17 01:17:23,66.8333,70.8333,48.31,75,100,8.68
123,Manokwari,ID,2022-09-17 01:17:23,-0.8667,134.0833,80.83,75,100,2.91
124,Bonavista,CA,2022-09-17 01:17:24,48.6499,-53.1147,55.4,84,59,13.15
125,Barrow,US,2022-09-17 01:17:24,71.2906,-156.7887,33.82,86,100,27.63
126,Lasa,IT,2022-09-17 01:17:24,46.6166,10.7002,55.36,91,99,7.81
127,Antibes,FR,2022-09-17 01:17:25,43.5624,7.1278,73.67,54,0,9.22
128,Tiksi,RU,2022-09-17 01:17:25,71.6872,128.8694,36.52,98,100,7.85
129,Cape Town,ZA,2022-09-17 01:17:03,-33.9258,18.4232,56.12,84,75,1.14
130,Valdivia,CL,2022-09-17 01:17:02,-39.8142,-73.2459,37.49,100,100,1.34
131,Thompson,CA,2022-09-17 01:14:26,55.7435,-97.8558,57.36,62,40,2.3
132,Avarua,CK,2022-09-17 01:16:41,-21.2078,-159.775,78.85,65,20,14.97
133,Kodarma,IN,2022-09-17 01:17:26,24.4667,85.6,76.59,86,85,3.0
134,Geraldton,AU,2022-09-17 01:17:26,-28.7667,114.6,61.21,82,0,8.05
135,Weener,DE,2022-09-17 01:17:27,53.1667,7.35,55.96,91,100,16.67
136,Bubaque,GW,2022-09-17 01:17:27,11.2833,-15.8333,80.85,84,100,11.05
137,Southampton,GB,2022-09-17 01:13:51,50.904,-1.4043,49.86,74,10,5.41
138,Santa Cruz,BO,2022-09-17 01:17:27,-17.8,-63.1667,71.06,60,20,4.61
139,Tura,IN,2022-09-17 01:17:28,25.5198,90.2201,73.89,97,52,5.23
140,Karabuk,TR,2022-09-17 01:17:28,41.2049,32.6277,69.51,51,83,2.08
141,Cabo San Lucas,MX,2022-09-17 01:16:30,22.8909,-109.9124,88.61,78,0,9.44
142,Agirish,RU,2022-09-17 01:17:29,61.9247,63.0231,47.62,68,100,7.29
143,Karmala,IN,2022-09-17 01:17:29,18.4167,75.2,70.84,92,100,5.75
144,Okato,NZ,2022-09-17 01:17:29,-39.2,173.8833,54.68,56,66,7.65
145,Vila,PT,2022-09-17 01:17:29,42.0304,-8.1588,58.08,90,100,3.71
146,Gizo,SB,2022-09-17 01:17:30,-8.103,156.8419,84.25,62,75,3.71
147,Tuatapere,NZ,2022-09-17 01:17:30,-46.1333,167.6833,53.53,48,100,1.28
148,Makakilo City,US,2022-09-17 01:17:31,21.3469,-158.0858,82.72,68,20,11.5
149,Dunedin,NZ,2022-09-17 01:17:31,-45.8742,170.5036,54.81,61,40,8.01
150,Castro,BR,2022-09-17 01:17:31,-24.7911,-50.0119,48.87,97,59,8.19
151,Kahului,US,2022-09-17 01:17:31,20.8947,-156.47,91.42,54,40,12.66
152,Mayo,US,2022-09-17 01:17:32,38.8876,-76.5119,71.55,90,0,0.0
153,Ponta Delgada,PT,2022-09-17 01:17:32,37.7333,-25.6667,71.51,88,20,5.75
154,Moerai,PF,2022-09-17 01:17:33,-22.4333,-151.3333,73.44,76,49,22.91
155,Praia Da Vitoria,PT,2022-09-17 01:17:33,38.7333,-27.0667,71.85,83,20,8.37
156,Batagay-Alyta,RU,2022-09-17 01:17:33,67.8006,130.4114,40.6,62,100,8.46
157,Samarai,PG,2022-09-17 01:17:33,-10.6167,150.6667,83.91,75,15,14.79
158,Sri Aman,MY,2022-09-17 01:17:34,1.2376,111.4621,78.85,89,20,0.0
159,Yumen,CN,2022-09-17 01:17:34,40.2833,97.2,60.73,29,0,8.05
160,Glazunovka,RU,2022-09-17 01:17:34,52.4986,36.3275,47.37,89,100,7.0
161,Bonanza,NI,2022-09-17 01:17:35,14.0289,-84.591,73.13,99,100,1.66
162,Pimentel,PE,2022-09-17 01:17:35,-6.8367,-79.9342,64.09,87,100,13.2
163,Tatarskaya Kargala,RU,2022-09-17 01:17:35,51.9495,55.1731,59.05,95,100,10.6
164,Linguere,SN,2022-09-17 01:17:36,15.3953,-15.1193,80.2,81,22,6.87
165,Faanui,PF,2022-09-17 01:17:36,-16.4833,-151.75,78.22,72,17,22.21
166,Atar,MR,2022-09-17 01:17:36,20.5169,-13.0499,85.77,29,0,11.25
167,Alta Floresta,BR,2022-09-17 01:17:37,-9.8756,-56.0861,85.8,36,100,4.23
168,Preobrazheniye,RU,2022-09-17 01:17:37,42.9019,133.9064,60.17,96,100,13.8
169,San Patricio,US,2022-09-17 01:17:37,28.017,-97.5169,85.86,66,52,10.98
170,Bukavu,CD,2022-09-17 01:17:38,-2.5083,28.8608,62.06,85,22,2.04
171,Kamaishi,JP,2022-09-17 01:17:38,39.2667,141.8833,76.77,76,100,12.44
172,Beitbridge,ZW,2022-09-17 01:17:38,-22.2167,30.0,66.85,33,0,4.05
173,Lagoa,PT,2022-09-17 01:17:39,39.05,-27.9833,72.79,83,54,12.62
174,Constantine,DZ,2022-09-17 01:17:39,36.365,6.6147,67.41,94,40,2.3
175,Tucurui,BR,2022-09-17 01:17:39,-3.7661,-49.6725,75.97,82,47,4.23
176,Gualeguay,AR,2022-09-17 01:13:09,-33.1416,-59.3097,60.44,81,100,9.71
177,Douglas,US,2022-09-17 01:17:40,41.3,-96.167,77.59,69,0,10.36
178,Ancud,CL,2022-09-17 01:17:40,-41.8697,-73.8203,39.22,73,87,5.46
179,Provideniya,RU,2022-09-17 01:17:41,64.3833,-173.3,44.6,95,100,31.23
180,Santo Antonio Do Sudoeste,BR,2022-09-17 01:17:41,-26.0736,-53.7253,58.68,70,53,6.2
181,Padang,ID,2022-09-17 01:17:41,-0.9492,100.3543,80.65,83,70,3.44
182,Pecos,US,2022-09-17 01:17:42,31.4229,-103.4932,90.3,35,0,13.8
183,Inhambane,MZ,2022-09-17 01:17:42,-23.865,35.3833,67.23,85,0,8.21
184,Miguel Alves,BR,2022-09-17 01:17:42,-4.1656,-42.8953,77.31,77,24,5.91
185,Kosh-Agach,RU,2022-09-17 01:17:43,50.0,88.6667,32.04,74,80,1.66
186,Mackay,AU,2022-09-17 01:17:43,-21.15,149.2,90.68,73,8,11.32
187,Kardla,EE,2022-09-17 01:17:43,58.9978,22.7492,49.82,90,64,6.93
188,Korla,CN,2022-09-17 01:17:44,41.7597,86.1469,67.3,25,0,5.91
189,Pudozh,RU,2022-09-17 01:17:44,61.8099,36.5345,47.95,99,100,2.55
190,Namibe,AO,2022-09-17 01:17:44,-15.1961,12.1522,68.13,81,96,7.87
191,Kondinskoye,RU,2022-09-17 01:17:45,59.6481,67.41,49.12,67,100,9.62
192,General Roca,AR,2022-09-17 01:17:45,-39.0333,-67.5833,54.63,33,92,15.9
193,Vila Velha,BR,2022-09-17 01:17:45,-20.3297,-40.2925,66.15,97,100,16.11
194,Aklavik,CA,2022-09-17 01:17:46,68.2191,-135.0107,38.37,96,100,5.17
195,Iquitos,PE,2022-09-17 01:17:46,-3.7481,-73.2472,71.64,88,40,2.3
196,Manzil Salim,TN,2022-09-17 01:17:46,35.8567,8.4765,73.11,74,28,6.29
197,Filingue,NE,2022-09-17 01:17:47,14.3521,3.3168,83.71,65,100,14.63
198,Matamoros,MX,2022-09-17 01:17:47,25.5333,-103.25,87.91,41,40,6.91
199,Ekibastuz,KZ,2022-09-17 01:17:47,51.6667,75.3667,43.93,54,0,6.96
200,Tuy Hoa,VN,2022-09-17 01:17:48,13.0833,109.3,83.28,70,86,11.61
201,Badou,TG,2022-09-17 01:17:48,7.5833,0.6,69.96,98,95,3.42
202,Saint-Pierre,RE,2022-09-17 01:17:48,-21.3393,55.4781,65.88,77,0,5.75
203,Souillac,MU,2022-09-17 01:17:49,-20.5167,57.5167,70.18,78,40,12.66
204,High Level,CA,2022-09-17 01:15:41,58.5169,-117.136,66.31,48,75,3.44
205,De Land,US,2022-09-17 01:17:49,29.0283,-81.3031,78.89,93,0,0.0
206,Airai,TL,2022-09-17 01:17:49,-8.9266,125.4092,76.51,29,68,2.77
207,Qaanaaq,GL,2022-09-17 01:17:50,77.484,-69.3632,26.44,83,47,7.14
208,Chato,TZ,2022-09-17 01:17:50,-2.6378,31.7669,70.93,67,92,2.3
209,Asau,RO,2022-09-17 01:17:50,46.4333,26.4,60.28,92,52,2.28
210,Zheleznodorozhnyy,RU,2022-09-17 01:17:51,55.7503,38.0042,49.55,90,0,6.29
211,Tasiilaq,GL,2022-09-17 01:17:51,65.6145,-37.6368,39.36,96,100,13.33
212,Utraula,IN,2022-09-17 01:17:51,27.3167,82.4167,73.63,96,100,9.01
213,Cuiluan,CN,2022-09-17 01:17:52,47.72,128.648,54.05,96,100,6.04
214,Esperance,AU,2022-09-17 01:17:52,-33.8667,121.9,57.36,73,32,13.35
215,Tatarsk,RU,2022-09-17 01:17:52,55.219,75.9828,49.96,51,100,3.2
216,Mponela,MW,2022-09-17 01:17:53,-13.5319,33.7401,60.94,63,6,4.56
217,Whitehorse,CA,2022-09-17 01:16:10,60.7161,-135.0538,56.17,39,20,8.99
218,Saint-Augustin,CA,2022-09-17 01:16:13,51.226,-58.6502,48.09,70,100,23.47
219,Khandyga,RU,2022-09-17 01:17:53,62.6667,135.6,42.06,60,100,7.87
220,Santa Fe,AR,2022-09-17 01:16:30,-31.6333,-60.7,68.0,60,100,5.99
221,Sao Filipe,CV,2022-09-17 01:17:54,14.8961,-24.4956,78.13,82,21,9.51
222,Porto Seguro,BR,2022-09-17 01:17:54,-16.4497,-39.0647,73.92,88,0,5.75
223,Bac Lieu,VN,2022-09-17 01:17:54,9.285,105.7244,82.53,79,20,9.48
224,Coahuayana,MX,2022-09-17 01:17:55,18.7333,-103.6833,78.37,92,100,2.13
225,Daru,PG,2022-09-17 01:17:55,-9.0763,143.2092,79.68,85,100,6.67
226,Surt,LY,2022-09-17 01:17:55,31.2089,16.5887,76.06,67,0,9.73
227,Pangnirtung,CA,2022-09-17 01:17:56,66.1451,-65.7125,41.05,74,100,5.59
228,Fort Wellington,GY,2022-09-17 01:17:56,6.4,-57.6,79.59,85,100,8.12
229,Foso,GH,2022-09-17 01:17:56,5.7012,-1.2866,69.87,98,94,2.44
230,Altamira,BR,2022-09-17 01:17:57,-3.2033,-52.2064,75.72,79,53,4.56
231,Baruun-Urt,MN,2022-09-17 01:17:57,46.6806,113.2792,47.03,53,7,20.6
232,Svetlyy,RU,2022-09-17 01:17:57,54.675,20.1347,53.65,85,100,20.76
233,Almeria,ES,2022-09-17 01:17:58,37.1667,-2.3333,63.77,58,0,1.16
234,Meulaboh,ID,2022-09-17 01:17:58,4.1363,96.1285,76.6,87,99,3.18
235,Miass,RU,2022-09-17 01:17:58,55.045,60.1083,44.58,85,100,3.6
236,Severo-Kurilsk,RU,2022-09-17 01:17:59,50.6789,156.125,52.72,74,15,15.61
237,Pauini,BR,2022-09-17 01:17:59,-7.7136,-66.9764,78.84,51,42,0.67
238,Inyonga,TZ,2022-09-17 01:17:59,-6.7167,32.0667,65.46,54,1,5.12
239,Kaabong,UG,2022-09-17 01:18:00,3.4836,34.1492,63.84,65,8,7.9
240,Barcelos,PT,2022-09-17 01:18:00,41.5388,-8.6151,67.91,89,93,2.48
241,Nurota,UZ,2022-09-17 01:18:00,40.5614,65.6886,66.79,18,100,4.88
242,Alyangula,AU,2022-09-17 01:18:01,-13.8483,136.4192,81.82,69,9,5.95
243,Angol,CL,2022-09-17 01:13:13,-37.8,-72.7167,42.93,98,100,4.59
244,Fairbanks,US,2022-09-17 01:18:01,64.8378,-147.7164,60.76,57,75,4.61
245,Ewa Beach,US,2022-09-17 01:18:01,21.3156,-158.0072,84.15,68,20,11.5
246,Taitung,TW,2022-09-17 01:18:02,22.7583,121.1444,84.47,70,75,1.14
247,Walvis Bay,NA,2022-09-17 01:18:02,-22.9575,14.5053,56.35,94,21,12.66
248,Shelburne,CA,2022-09-17 01:18:03,44.0787,-80.2041,59.23,88,100,6.24
249,Harper,LR,2022-09-17 01:18:03,4.375,-7.7169,76.59,84,94,11.34
250,Hithadhoo,MV,2022-09-17 01:18:03,-0.6,73.0833,81.16,74,100,6.22
251,Les Cayes,HT,2022-09-17 01:18:04,18.2,-73.75,80.26,77,6,0.65
252,Kingaroy,AU,2022-09-17 01:18:04,-26.5333,151.8333,76.8,43,18,11.07
253,Zhelyabovka,UA,2022-09-17 01:18:05,45.3988,34.7578,68.94,73,100,4.88
254,Schertz,US,2022-09-17 01:15:24,29.5522,-98.2697,89.37,58,20,12.66
255,Klaksvik,FO,2022-09-17 01:18:05,62.2266,-6.589,49.12,84,99,11.88
256,Belaya Gora,RU,2022-09-17 01:18:05,68.5333,146.4167,39.52,59,9,2.06
257,Tahta,EG,2022-09-17 01:18:06,26.7693,31.5021,76.3,34,0,5.32
258,Victoria,HK,2022-09-17 01:18:06,22.2855,114.1577,90.97,76,4,4.0
259,Odienne,CI,2022-09-17 01:18:07,9.51,-7.5692,72.57,92,100,0.72
260,Rio Casca,BR,2022-09-17 01:18:07,-20.2261,-42.6508,66.18,86,100,2.82
261,Kapuskasing,CA,2022-09-17 01:18:07,49.4169,-82.4331,48.29,93,75,2.3
262,Kodiak,US,2022-09-17 01:18:08,57.79,-152.4072,53.11,87,100,11.5
263,Haines Junction,CA,2022-09-17 01:18:08,60.7522,-137.5108,58.95,36,6,2.3
264,Sechura,PE,2022-09-17 01:18:08,-5.5569,-80.8222,66.38,78,27,14.72
265,Horodnytsya,UA,2022-09-17 01:18:09,50.807,27.3168,52.54,81,100,4.97
266,Neftekamsk,RU,2022-09-17 01:18:09,56.092,54.2703,49.75,85,94,4.65
267,Belle Fourche,US,2022-09-17 01:18:09,44.6714,-103.8522,65.5,56,100,7.2
268,Saint George,US,2022-09-17 01:18:07,37.1041,-113.5841,86.63,29,0,10.36
269,Khatanga,RU,2022-09-17 01:18:10,71.9667,102.5,30.0,93,97,15.64
270,Dongkan,CN,2022-09-17 01:18:10,33.9997,119.8308,73.15,89,100,6.51
271,Mwinilunga,ZM,2022-09-17 01:18:11,-11.7358,24.4293,65.34,39,97,5.28
272,Djibo,BF,2022-09-17 01:18:11,14.1022,-1.6306,79.93,66,4,13.06
273,Oskaloosa,US,2022-09-17 01:18:11,41.2964,-92.6444,76.98,73,75,8.05
274,Narsaq,GL,2022-09-17 01:18:12,60.9167,-46.05,61.02,72,100,13.78
275,Qaqortoq,GL,2022-09-17 01:18:12,60.7167,-46.0333,51.44,75,100,9.55
276,Luanda,AO,2022-09-17 01:18:12,-8.8368,13.2343,71.31,87,83,5.35
277,Anadyr,RU,2022-09-17 01:18:13,64.75,177.4833,41.5,93,100,22.37
278,Mount Gambier,AU,2022-09-17 01:18:13,-37.8333,140.7667,53.51,82,75,20.71
279,Bairiki,KI,2022-09-17 01:18:13,1.3292,172.9752,87.8,62,20,9.22
280,Arawa,PG,2022-09-17 01:18:14,-6.2132,155.5367,87.55,55,99,5.06
281,Alekseyevsk,RU,2022-09-17 01:18:14,57.8406,108.3492,45.73,65,99,3.96
282,Castlegar,CA,2022-09-17 01:18:14,49.2998,-117.6689,52.48,79,87,4.34
283,Tsilna,RU,2022-09-17 01:18:15,54.5953,48.1414,51.35,94,100,6.31
284,Lakes Entrance,AU,2022-09-17 01:18:15,-37.8811,147.981,66.16,44,4,8.19
285,Guerrero Negro,MX,2022-09-17 01:18:16,27.9769,-114.0611,71.33,73,0,19.33
286,Takoradi,GH,2022-09-17 01:18:16,4.8845,-1.7554,74.08,94,62,5.1
287,Lompoc,US,2022-09-17 01:18:16,34.6391,-120.4579,76.57,79,0,14.97
288,Ihosy,MG,2022-09-17 01:18:17,-22.4,46.1167,60.13,80,80,7.56
289,Bima,ID,2022-09-17 01:18:17,-8.4667,118.7167,87.98,46,100,4.18
290,Half Moon Bay,US,2022-09-17 01:15:24,37.4636,-122.4286,74.57,71,0,26.46
291,Kupang,ID,2022-09-17 01:18:18,-10.1667,123.5833,86.92,47,40,0.69
292,Ixtapa,MX,2022-09-17 01:18:18,20.7,-105.2,84.22,84,75,9.22
293,Byron Bay,AU,2022-09-17 01:18:18,-28.65,153.6167,77.7,56,100,8.81
294,Sarny,UA,2022-09-17 01:18:19,51.338,26.6019,49.48,84,89,6.53
295,Jaisalmer,IN,2022-09-17 01:18:19,26.9147,70.9181,76.89,80,2,19.75
296,Santa Rosa,PH,2022-09-17 01:18:19,14.3122,121.1114,85.08,70,29,10.04
297,Bilibino,RU,2022-09-17 01:18:20,68.0546,166.4372,36.46,77,100,9.46
298,Hun,LY,2022-09-17 01:18:20,29.1268,15.9477,79.03,26,0,8.97
299,Leshan,CN,2022-09-17 01:18:21,29.5623,103.7639,70.54,93,100,1.68
300,Oktyabrskoye,RU,2022-09-17 01:18:21,43.0645,44.7417,57.34,88,27,4.47
301,Tangi,PK,2022-09-17 01:18:21,34.3006,71.6536,75.2,76,0,2.42
302,Sayan,PE,2022-09-17 01:18:22,-11.1361,-77.1933,68.14,68,10,1.95
303,Santa Cecilia,BR,2022-09-17 01:18:22,-26.9608,-50.4269,46.71,94,66,6.15
304,Usoke,TZ,2022-09-17 01:18:23,-5.1667,32.35,69.71,46,4,8.48
305,Astana,KZ,2022-09-17 01:18:23,51.1801,71.446,30.15,86,0,8.95
306,Pacific Grove,US,2022-09-17 01:16:25,36.6177,-121.9166,72.21,81,75,10.36
307,Barentu,ER,2022-09-17 01:18:23,15.1139,37.5928,70.32,70,5,4.59
308,Bontang,ID,2022-09-17 01:18:24,0.1333,117.5,80.38,82,100,4.45
309,Cabedelo,BR,2022-09-17 01:18:24,-6.9811,-34.8339,74.07,78,40,9.89
310,Creel,MX,2022-09-17 01:18:24,27.75,-107.6333,63.03,57,1,8.52
311,Matara,LK,2022-09-17 01:18:25,5.9485,80.5353,80.04,70,77,11.43
312,Faya,SA,2022-09-17 01:18:25,18.3851,42.4509,64.51,34,43,2.48
313,Kerchevskiy,RU,2022-09-17 01:18:26,59.946,56.2884,49.87,70,98,6.58
314,Opuwo,NA,2022-09-17 01:18:26,-18.0607,13.84,65.34,50,1,3.65
315,Veshenskaya,RU,2022-09-17 01:18:26,49.6303,41.7334,63.09,94,100,8.7
316,Troyes,FR,2022-09-17 01:18:27,48.3333,4.0833,45.37,87,0,6.91
317,Menongue,AO,2022-09-17 01:18:27,-14.6585,17.691,57.33,37,7,3.13
318,Kharp,RU,2022-09-17 01:18:27,66.8014,65.8081,46.78,82,100,4.05
319,Homer,US,2022-09-17 01:18:28,59.6425,-151.5483,54.03,79,100,4.0
320,Pampa,US,2022-09-17 01:18:28,35.5362,-100.9599,88.75,45,0,20.71
321,Shizunai,JP,2022-09-17 01:14:56,42.3339,142.3669,71.82,78,100,18.03
322,San Quintin,MX,2022-09-17 01:18:28,30.4833,-115.95,69.67,74,0,15.17
323,Mar Del Plata,AR,2022-09-17 01:18:29,-38.0023,-57.5575,58.08,93,0,15.99
324,El Alto,PE,2022-09-17 01:18:29,-4.2714,-81.2147,62.76,86,66,13.76
325,Margate,GB,2022-09-17 01:18:29,51.3813,1.3862,52.7,73,53,8.99
326,Aksehir,TR,2022-09-17 01:18:30,38.3575,31.4164,68.31,40,0,2.71
327,Coquimbo,CL,2022-09-17 01:18:30,-29.9533,-71.3436,55.13,87,100,8.05
328,Chumikan,RU,2022-09-17 01:18:30,54.7183,135.315,54.72,53,8,0.47
329,Xinan,CN,2022-09-17 01:18:31,26.72,119.8556,80.51,71,0,3.36
330,Honiara,SB,2022-09-17 01:18:31,-9.4333,159.95,86.27,65,30,5.19
331,Nanortalik,GL,2022-09-17 01:18:31,60.1432,-45.2371,47.53,90,100,10.47
332,Kawalu,ID,2022-09-17 01:18:32,-7.3817,108.2082,75.56,87,98,3.56
333,Male,MV,2022-09-17 01:18:32,4.1748,73.5089,81.34,69,6,4.88
334,Namatanai,PG,2022-09-17 01:18:32,-3.6667,152.4333,85.21,61,11,8.19
335,Awjilah,LY,2022-09-17 01:18:33,29.1081,21.2869,76.77,36,0,7.0
336,Bastos,BR,2022-09-17 01:18:33,-21.9219,-50.7339,63.25,61,0,16.4
337,Mana,GF,2022-09-17 01:18:33,5.6592,-53.7767,80.69,86,90,12.12
338,Teya,RU,2022-09-17 01:18:34,60.3778,92.6267,43.09,90,99,2.77
339,Chuy,UY,2022-09-17 01:18:34,-33.6971,-53.4616,55.98,79,0,10.94
340,Nouadhibou,MR,2022-09-17 01:18:34,20.931,-17.0347,73.38,78,0,21.85
341,Esna,EG,2022-09-17 01:18:35,25.2934,32.554,77.65,33,0,7.56
342,Santiago,CL,2022-09-17 01:16:29,-33.4569,-70.6483,55.85,77,75,4.61
343,Roanoke Rapids,US,2022-09-17 01:18:35,36.4615,-77.6542,68.58,100,0,0.0
344,Port Augusta,AU,2022-09-17 01:18:35,-32.5,137.7667,59.61,52,100,21.43
345,Visby,SE,2022-09-17 01:18:36,57.6409,18.296,56.05,76,75,13.8
346,Umm Lajj,SA,2022-09-17 01:18:36,25.0213,37.2685,83.75,47,9,12.35
347,Kasongo-Lunda,CD,2022-09-17 01:18:36,-6.4667,16.8167,72.68,90,100,2.26
348,Puerto Madero,MX,2022-09-17 01:18:37,14.7208,-92.4215,79.0,100,100,2.3
349,Amahai,ID,2022-09-17 01:18:37,-3.3333,128.9167,78.31,85,100,3.69
350,Portland,US,2022-09-17 01:17:29,45.5234,-122.6762,69.53,66,100,11.5
351,Bogande,BF,2022-09-17 01:18:37,12.9714,-0.1436,75.81,82,100,9.44
352,Tilichiki,RU,2022-09-17 01:18:38,60.4667,166.1,47.19,54,63,18.25
353,Makarov,RU,2022-09-17 01:18:38,48.6333,142.8,60.13,67,100,4.45
354,Renkum,NL,2022-09-17 01:18:38,51.9767,5.7333,52.86,91,75,4.61
355,East London,ZA,2022-09-17 01:18:39,-33.0153,27.9116,64.53,82,100,18.25
356,Gobabis,NA,2022-09-17 01:18:39,-22.45,18.9667,61.25,16,4,8.86
357,Shache,CN,2022-09-17 01:18:39,38.4167,77.2406,70.32,23,100,3.15
358,El Reten,CO,2022-09-17 01:18:40,10.6114,-74.2682,76.21,79,100,4.07
359,Northam,GB,2022-09-17 01:18:40,51.0333,-4.2167,53.62,70,5,5.26
360,Bilma,NE,2022-09-17 01:18:40,18.6853,12.9164,88.79,38,43,8.66
361,Iskateley,RU,2022-09-17 01:18:41,67.6803,53.1512,48.33,93,100,7.31
362,Shu,KZ,2022-09-17 01:18:41,43.5983,73.7614,57.7,35,100,1.07
363,Dalvik,IS,2022-09-17 01:18:41,65.9702,-18.5286,44.53,91,100,3.65
364,Hay River,CA,2022-09-17 01:18:42,60.8156,-115.7999,62.58,55,75,2.3
365,Talaya,RU,2022-09-17 01:18:42,61.3833,152.75,40.14,48,99,13.96
366,Dingle,PH,2022-09-17 01:18:43,10.9995,122.6711,83.37,76,94,10.58
367,Tiarei,PF,2022-09-17 01:18:43,-17.5333,-149.3333,86.02,73,24,23.98
368,Vestmannaeyjar,IS,2022-09-17 01:18:43,63.4427,-20.2734,50.31,85,100,9.13
369,Moron,AR,2022-09-17 01:18:44,-34.6534,-58.6198,68.02,71,100,11.54
370,San Juan,AR,2022-09-17 01:16:09,-31.5375,-68.5364,71.19,18,100,12.53
371,Halifax,CA,2022-09-17 01:15:41,44.6453,-63.5724,57.47,56,82,13.0
372,Montrose,US,2022-09-17 01:18:44,38.4166,-108.2673,56.73,42,100,6.67
373,Touros,BR,2022-09-17 01:18:44,-5.1989,-35.4608,75.29,77,50,12.21
374,Belem De Sao Francisco,BR,2022-09-17 01:18:45,-8.7539,-38.9658,74.55,59,50,17.29
375,Salalah,OM,2022-09-17 01:18:45,17.0151,54.0924,78.89,94,75,8.05
376,Harer,ET,2022-09-17 01:18:45,9.3094,42.1258,59.14,80,41,8.52
377,Goure,NE,2022-09-17 01:18:46,13.9835,10.2704,79.63,69,100,11.39
378,Morgan City,US,2022-09-17 01:14:15,29.6994,-91.2068,81.0,75,34,4.79
379,Mollendo,PE,2022-09-17 01:18:46,-17.0231,-72.0147,60.04,85,7,4.88
380,Tshikapa,CD,2022-09-17 01:18:47,-6.4167,20.8,73.76,83,100,1.81
381,Aquidauana,BR,2022-09-17 01:18:47,-20.4711,-55.7872,70.81,53,2,5.03
382,Ginir,ET,2022-09-17 01:18:47,7.1333,40.7,57.97,73,21,8.32
383,Nipawin,CA,2022-09-17 01:15:42,53.3668,-104.0009,59.04,58,0,6.91
384,Koutsouras,GR,2022-09-17 01:18:48,35.0339,25.9469,70.11,54,0,7.63
385,Ussel,FR,2022-09-17 01:18:48,45.55,2.3167,45.63,98,27,6.2
386,Umm Kaddadah,SD,2022-09-17 01:18:48,13.6017,26.6876,74.82,72,100,15.23
387,Carnot,CF,2022-09-17 01:18:49,4.9409,15.8665,68.09,99,100,2.19
388,Maridi,SS,2022-09-17 01:18:49,4.9158,29.4742,65.73,98,97,2.08
389,Trinidad,BO,2022-09-17 01:18:50,-14.8333,-64.9,73.36,56,14,2.75
390,Tezu,IN,2022-09-17 01:18:50,27.9167,96.1667,77.4,96,99,0.58
391,Capannori,IT,2022-09-17 01:18:50,43.8747,10.5728,74.89,70,99,8.1
392,Natchitoches,US,2022-09-17 01:18:51,31.7668,-93.1335,76.05,78,0,0.0
393,Clyde River,CA,2022-09-17 01:18:51,70.4692,-68.5914,34.03,100,100,9.22
394,Moose Factory,CA,2022-09-17 01:18:51,51.2585,-80.6094,50.0,81,0,5.75
395,Palmerston,AU,2022-09-17 01:18:52,-12.486,130.9833,89.89,62,40,3.44
396,Buin,CL,2022-09-17 01:18:52,-33.7333,-70.75,56.73,92,100,2.21
397,Nabire,ID,2022-09-17 01:18:52,-3.3667,135.4833,75.0,97,100,3.22
398,Boyolangu,ID,2022-09-17 01:18:53,-8.1181,111.8935,79.05,72,46,8.37
399,Domat,CH,2022-09-17 01:18:53,46.8348,9.4508,49.91,99,100,7.07
400,Matiri,TZ,2022-09-17 01:18:53,-10.75,34.9,56.39,70,4,1.5
401,Olafsvik,IS,2022-09-17 01:18:54,64.8945,-23.7142,48.31,84,100,0.38
402,Wageningen,NL,2022-09-17 01:18:54,51.9667,5.6667,52.95,91,75,4.61
403,Lincoln,US,2022-09-17 01:17:48,40.8,-96.667,80.51,60,20,17.27
404,Bodri,IN,2022-09-17 01:18:54,23.1667,81.4333,72.59,93,83,4.29
405,Coos Bay,US,2022-09-17 01:17:14,43.3665,-124.2179,63.93,86,0,14.97
406,Arlit,NE,2022-09-17 01:18:55,18.7369,7.3853,87.84,40,3,11.27
407,Te Anau,NZ,2022-09-17 01:18:55,-45.4167,167.7167,50.54,60,100,1.43
408,Hamilton,US,2022-09-17 01:15:42,39.1834,-84.5333,73.99,77,0,5.75
409,Solnechnyy,RU,2022-09-17 01:18:56,50.7214,136.6319,54.68,71,100,5.26
410,Mount Isa,AU,2022-09-17 01:18:56,-20.7333,139.5,85.77,15,0,10.36
411,Show Low,US,2022-09-17 01:18:56,34.2542,-110.0298,73.69,24,0,14.97
412,Wajima,JP,2022-09-17 01:18:57,37.4,136.9,84.88,69,75,5.75
413,Tual,ID,2022-09-17 01:18:57,-5.6667,132.75,81.63,74,100,8.37
414,Aurillac,FR,2022-09-17 01:18:57,44.9167,2.45,47.01,89,40,4.61
415,Kampene,CD,2022-09-17 01:18:58,-3.6,26.6667,68.97,96,51,2.15
416,Davila,PH,2022-09-17 01:18:58,18.4726,120.5763,85.98,74,90,12.62
417,Nova Serrana,BR,2022-09-17 01:18:58,-19.8761,-44.9836,66.02,80,37,13.33
418,Casas Grandes,MX,2022-09-17 01:18:59,30.3667,-107.95,80.62,35,58,2.57
419,Alofi,NU,2022-09-17 01:18:59,-19.0595,-169.9187,84.09,58,0,10.36
420,Quatre Cocos,MU,2022-09-17 01:18:59,-20.2078,57.7625,71.1,77,13,15.19
421,Grindavik,IS,2022-09-17 01:19:00,63.8424,-22.4338,46.87,93,100,2.3
422,Reinosa,ES,2022-09-17 01:19:00,42.9996,-4.138,53.46,90,82,5.91
423,Gat,IL,2022-09-17 01:19:00,31.61,34.7642,75.88,100,12,4.5
424,Dhidhdhoo,MV,2022-09-17 01:19:01,6.8833,73.1,80.69,75,100,7.2
425,Mari-Turek,RU,2022-09-17 01:19:01,56.7895,49.6235,48.76,84,100,7.7
426,Macherla,IN,2022-09-17 01:19:01,16.4833,79.4333,77.85,76,86,12.97
427,Sao Gabriel Da Cachoeira,BR,2022-09-17 01:19:02,-0.1303,-67.0892,74.25,93,100,1.23
428,Astoria,US,2022-09-17 01:19:02,46.1879,-123.8313,61.59,76,0,5.75
429,Long,TH,2022-09-17 01:19:02,18.0761,99.8326,82.18,95,98,1.61
430,Saldanha,ZA,2022-09-17 01:19:03,-33.0117,17.9442,56.89,86,81,8.1
431,Orje,NO,2022-09-17 01:19:03,59.4802,11.6602,48.83,76,92,6.49
432,Rio Gallegos,AR,2022-09-17 01:19:04,-51.6226,-69.2181,39.25,65,75,5.75
433,Kadyy,RU,2022-09-17 01:19:04,57.787,43.1903,50.54,95,100,9.46
434,Arona,ES,2022-09-17 01:19:04,28.0996,-16.681,69.98,84,20,4.61
435,Kaduqli,SD,2022-09-17 01:19:05,11.0167,29.7167,70.54,95,100,2.19
436,Lavrentiya,RU,2022-09-17 01:19:05,65.5833,-171.0,43.97,96,100,19.35
437,Vao,NC,2022-09-17 01:19:05,-22.6667,167.4833,71.56,68,88,15.19
438,Ribas Do Rio Pardo,BR,2022-09-17 01:19:06,-20.4431,-53.7592,71.06,46,0,10.02
439,Lukaya,UG,2022-09-17 01:19:06,-0.1489,31.8748,63.77,75,26,3.06
440,Barra Do Bugres,BR,2022-09-17 01:19:07,-15.0725,-57.1811,76.69,49,5,3.56
441,Nuuk,GL,2022-09-17 01:19:07,64.1835,-51.7216,56.01,76,75,3.44
442,Altay,CN,2022-09-17 01:19:07,47.8667,88.1167,46.63,42,2,2.55
443,Vanimo,PG,2022-09-17 01:19:08,-2.6741,141.3028,83.48,73,73,8.72
444,Los Llanos De Aridane,ES,2022-09-17 01:19:08,28.6585,-17.9182,71.35,89,0,11.5
445,Barguzin,RU,2022-09-17 01:19:08,53.6167,109.6167,47.75,74,94,4.85
446,Cap Malheureux,MU,2022-09-17 01:19:09,-19.9842,57.6142,71.47,69,0,5.01
447,Dicabisagan,PH,2022-09-17 01:19:09,17.0818,122.4157,84.69,69,99,3.27
448,Boden,SE,2022-09-17 01:19:09,65.8252,21.6886,51.8,94,100,10.78
449,Kaitangata,NZ,2022-09-17 01:19:10,-46.2817,169.8464,54.52,50,10,4.03
450,Yongan,CN,2022-09-17 01:19:10,39.6957,113.6871,69.26,53,15,3.27
451,Tautira,PF,2022-09-17 01:19:10,-17.7333,-149.15,76.37,71,42,21.0
452,Joppatowne,US,2022-09-17 01:14:39,39.4579,-76.3552,68.9,90,0,0.0
453,Chinhoyi,ZW,2022-09-17 01:19:11,-17.3667,30.2,62.49,51,0,6.04
454,Anshan,CN,2022-09-17 01:19:11,41.1236,122.99,66.67,82,93,2.98
455,Cayenne,GF,2022-09-17 01:19:12,4.9333,-52.3333,78.84,83,0,3.44
456,Kununurra,AU,2022-09-17 01:19:12,-15.7667,128.7333,91.38,13,62,11.5
457,Iqaluit,CA,2022-09-17 01:19:12,63.7506,-68.5145,40.69,80,75,0.0
458,Pavlysh,UA,2022-09-17 01:19:13,48.9176,33.3569,58.82,82,100,2.93
459,Jos,NG,2022-09-17 01:19:13,9.9167,8.9,65.17,89,100,2.71
460,Xining,CN,2022-09-17 01:19:13,36.6167,101.7667,55.0,79,99,0.63
461,Beboto,TD,2022-09-17 01:19:14,8.2668,16.939,70.63,98,100,3.56
462,Seljord,NO,2022-09-17 01:19:14,59.4894,8.634,49.68,83,42,6.6
463,Benicarlo,ES,2022-09-17 01:19:14,40.4165,0.4271,70.25,44,5,8.28
464,Bonthe,SL,2022-09-17 01:19:15,7.5264,-12.505,76.55,91,100,6.64
465,Macrohon,PH,2022-09-17 01:19:15,10.0797,124.9431,84.06,73,73,11.5
466,Lazaro Cardenas,MX,2022-09-17 01:19:16,17.9583,-102.2,80.24,83,90,4.27
467,Alice Springs,AU,2022-09-17 01:19:16,-23.7,133.8833,67.55,30,0,10.36
468,Kruisfontein,ZA,2022-09-17 01:19:16,-34.0033,24.7314,55.89,79,100,8.16
469,Muros,ES,2022-09-17 01:19:17,42.7762,-9.0603,65.16,74,100,8.68
470,Vostok,RU,2022-09-17 01:19:17,46.4856,135.8833,52.52,99,100,3.2
471,Thinadhoo,MV,2022-09-17 01:19:17,0.5333,72.9333,81.41,69,20,5.26
472,Terrace Bay,CA,2022-09-17 01:19:18,48.7834,-87.1,52.95,96,100,12.24
473,Shaowu,CN,2022-09-17 01:19:18,27.3409,117.4831,83.77,52,0,0.4
474,Trogir,HR,2022-09-17 01:19:19,43.5125,16.2517,71.8,88,20,2.3
475,Doctor Arroyo,MX,2022-09-17 01:19:19,23.6667,-100.1833,68.47,68,94,5.55
476,Kabompo,ZM,2022-09-17 01:19:19,-13.5927,24.2008,62.74,43,19,6.87
477,Chimoio,MZ,2022-09-17 01:19:20,-19.1164,33.4833,57.06,100,0,2.46
478,Carmarthen,GB,2022-09-17 01:19:20,51.8555,-4.3054,50.9,87,5,4.61
479,Tabou,CI,2022-09-17 01:19:20,4.423,-7.3528,76.3,86,95,10.36
480,Marienburg,PL,2022-09-17 01:19:21,54.0359,19.0266,52.88,71,46,14.23
481,Bielefeld,DE,2022-09-17 01:15:27,52.0333,8.5333,52.05,85,100,12.71
482,Binzhou,CN,2022-09-17 01:19:21,37.3667,118.0167,75.33,60,52,5.88
483,Chapais,CA,2022-09-17 01:17:45,49.7834,-74.8492,44.38,71,6,1.45
484,Berlevag,NO,2022-09-17 01:19:22,70.8578,29.0864,46.4,93,75,26.46
485,Adre,TD,2022-09-17 01:19:22,13.4667,22.2,73.17,81,100,5.82
486,Porto Novo,BJ,2022-09-17 01:19:22,6.4965,2.6036,76.82,90,86,6.02
487,Jand,PK,2022-09-17 01:19:23,33.4299,72.0193,81.45,67,0,5.93
488,Zabaykalsk,RU,2022-09-17 01:19:23,49.6333,117.3167,52.36,63,4,16.84
489,Namtsy,RU,2022-09-17 01:19:23,62.7161,129.6658,46.58,66,100,11.03
490,Quelimane,MZ,2022-09-17 01:19:24,-17.8786,36.8883,67.95,94,20,0.0
491,Hendek,TR,2022-09-17 01:19:24,40.7994,30.7481,72.63,40,0,4.27
492,Muroto,JP,2022-09-17 01:19:24,33.2833,134.15,80.71,90,100,26.55
493,Garissa,KE,2022-09-17 01:19:25,-0.4536,39.6401,71.67,80,12,15.12
494,Fortuna,US,2022-09-17 01:19:25,40.5982,-124.1573,63.93,71,79,5.99
495,Belmonte,BR,2022-09-17 01:19:25,-15.8631,-38.8828,71.78,82,0,3.78
496,Mogadishu,SO,2022-09-17 01:19:26,2.0371,45.3438,77.09,80,100,16.24
497,Ankang,CN,2022-09-17 01:19:26,32.68,109.0172,70.32,80,100,0.4
498,San Cristobal,VE,2022-09-17 01:19:00,7.7669,-72.225,73.58,96,97,3.18
499,Chikwawa,MW,2022-09-17 01:19:27,-16.0335,34.8009,69.98,69,0,1.41
500,Paamiut,GL,2022-09-17 01:19:27,61.994,-49.6678,45.61,99,100,8.21
501,Mayumba,GA,2022-09-17 01:19:27,-3.432,10.6554,73.94,88,100,5.88
502,Brigg,GB,2022-09-17 01:19:27,53.552,-0.4921,48.45,82,20,11.5
503,Gari,RU,2022-09-17 01:19:28,59.4307,62.3497,47.41,64,87,8.37
504,Arkhangelsk,RU,2022-09-17 01:19:28,64.5401,40.5433,51.91,100,75,6.71
505,Yining,CN,2022-09-17 01:19:29,29.0361,114.5636,82.67,51,0,0.94
506,Sola,VU,2022-09-17 01:19:29,-13.8833,167.55,80.31,77,16,19.51
507,Mocuba,MZ,2022-09-17 01:19:29,-16.8392,36.9856,66.11,93,0,3.24
508,Ozinki,RU,2022-09-17 01:19:30,51.1786,49.6769,60.31,86,100,10.92
509,Ramhormoz,IR,2022-09-17 01:19:30,31.28,49.6035,81.34,19,0,4.03
510,Sitka,US,2022-09-17 01:19:30,57.0531,-135.33,62.49,48,40,8.05
511,Milos,GR,2022-09-17 01:19:31,36.75,24.4333,74.93,87,0,19.44
512,Evensk,RU,2022-09-17 01:19:31,61.95,159.2333,47.79,40,76,12.55
513,Beringovskiy,RU,2022-09-17 01:19:31,63.05,179.3167,45.52,95,100,20.49
514,Urengoy,RU,2022-09-17 01:19:32,65.9667,78.3667,46.96,92,100,7.05
515,Muzhi,RU,2022-09-17 01:19:32,65.3667,64.6667,48.0,70,100,7.65
516,Laguna,US,2022-09-17 01:19:32,38.421,-121.4238,85.46,39,0,6.91
517,Neuquen,AR,2022-09-17 01:15:28,-38.9516,-68.0591,62.49,29,0,5.75
518,Karchaghbyur,AM,2022-09-17 01:19:33,40.1705,45.5779,55.42,63,0,2.24
519,Temiscaming,CA,2022-09-17 01:19:33,46.7212,-79.0971,54.95,87,100,2.3
520,Sao Joao Da Barra,BR,2022-09-17 01:19:33,-21.6403,-41.0511,64.2,87,100,12.84
521,Tarrafal,CV,2022-09-17 01:19:34,15.2833,-23.7667,79.59,85,16,11.07
522,Itoman,JP,2022-09-17 01:19:34,26.1247,127.6694,84.97,89,75,20.71
523,Ulundi,ZA,2022-09-17 01:19:34,-28.3352,31.4162,68.09,40,4,5.37
524,Westport,US,2022-09-17 01:15:43,41.1415,-73.3579,67.77,66,0,6.91
525,Morant Bay,JM,2022-09-17 01:19:35,17.8815,-76.4093,85.62,80,11,5.91
526,Vung Tau,VN,2022-09-17 01:19:35,10.346,107.0843,80.69,83,42,9.75
527,Vardo,NO,2022-09-17 01:19:36,70.3705,31.1107,46.38,93,100,24.16
528,Datong,CN,2022-09-17 01:19:36,40.0936,113.2914,69.17,48,19,0.45
529,Salinopolis,BR,2022-09-17 01:19:36,-0.6136,-47.3561,80.17,76,96,13.98
530,Dakar,SN,2022-09-17 01:19:37,14.6937,-17.4441,79.68,84,83,9.69
531,Svetlaya,RU,2022-09-17 01:19:37,46.5389,138.3297,56.91,85,100,2.46
532,Yerbogachen,RU,2022-09-17 01:19:37,61.2767,108.0108,44.04,83,70,8.61
533,Grand Gaube,MU,2022-09-17 01:19:38,-20.0064,57.6608,71.38,69,0,5.01
534,Japura,ID,2022-09-17 01:19:38,-0.3167,102.35,77.74,87,89,1.16
535,Jibuti,DJ,2022-09-17 01:19:38,11.5,42.5,84.76,52,100,5.77
536,Sao Jose Da Coroa Grande,BR,2022-09-17 01:19:39,-8.8978,-35.1478,74.43,70,35,5.57
537,Belyy Yar,RU,2022-09-17 01:19:39,53.6039,91.3903,44.49,64,0,6.71
538,Buffalo,US,2022-09-17 01:19:39,42.8865,-78.8784,66.52,84,75,5.75
539,Kushiro,JP,2022-09-17 01:19:40,42.975,144.3747,61.75,100,75,3.44
540,Sept-Iles,CA,2022-09-17 01:16:34,50.2001,-66.3821,51.06,64,75,9.22
541,Sterlibashevo,RU,2022-09-17 01:19:40,53.4376,55.2578,54.01,92,100,9.48
542,Kargasok,RU,2022-09-17 01:19:41,59.0556,80.8572,46.38,90,98,3.44
543,Vila Franca Do Campo,PT,2022-09-17 01:19:41,37.7167,-25.4333,71.2,92,72,5.68
544,Pahrump,US,2022-09-17 01:19:41,36.2083,-115.9839,87.94,16,0,5.01
545,Kamenskiy,RU,2022-09-17 01:19:42,50.8855,45.488,58.66,98,100,4.59
546,Ust-Kuyga,RU,2022-09-17 01:19:42,70.0167,135.6,39.85,61,100,8.43
547,Nuoro,IT,2022-09-17 01:19:42,40.3211,9.3297,63.41,86,5,9.75
548,Fort Nelson,CA,2022-09-17 01:15:41,58.8053,-122.7002,60.39,39,75,3.44
549,Ati,TD,2022-09-17 01:19:43,13.2154,18.3353,75.78,86,100,8.46
550,Ketchikan,US,2022-09-17 01:19:43,55.3422,-131.6461,55.87,76,40,10.36
551,Nileshwar,IN,2022-09-17 01:19:43,12.25,75.1,76.1,85,32,3.31
552,Iranshahr,IR,2022-09-17 01:19:44,27.2025,60.6848,84.4,17,1,3.96
553,Ishigaki,JP,2022-09-17 01:19:44,24.3448,124.1572,84.33,79,75,16.11
554,Pontes E Lacerda,BR,2022-09-17 01:19:44,-15.2261,-59.3353,78.12,42,3,4.5
555,Golden,US,2022-09-17 01:19:45,39.7555,-105.2211,71.15,43,75,10.36
556,Igarka,RU,2022-09-17 01:19:45,67.4667,86.5833,33.3,70,100,1.54
557,Mpika,ZM,2022-09-17 01:19:45,-11.8343,31.4529,56.5,72,15,5.35
558,Cibitoke,BI,2022-09-17 01:19:46,-2.8833,29.25,64.92,66,22,2.8
559,Guarumal,PA,2022-09-17 01:19:46,8.35,-82.5333,75.29,94,75,2.3
560,Marrakesh,MA,2022-09-17 01:15:04,31.6315,-8.0083,69.87,73,40,5.75
561,Salvador,SV,2022-09-17 01:19:00,13.8333,-88.9167,73.8,97,100,2.82
562,Jackson,US,2022-09-17 01:18:16,42.4165,-122.8345,79.16,39,0,14.97
563,Dandong,CN,2022-09-17 01:19:47,40.1292,124.3947,69.48,91,92,3.65
564,Lata,PT,2022-09-17 01:19:47,40.1629,-8.3327,67.82,93,97,2.86
565,Southbridge,US,2022-09-17 01:19:47,42.0751,-72.0334,60.67,88,74,4.0
566,Camocim,BR,2022-09-17 01:19:48,-2.9022,-40.8411,77.59,81,84,13.33
567,Moranbah,AU,2022-09-17 01:19:48,-22.0016,148.0466,82.69,46,82,10.92
568,Ilawa,PL,2022-09-17 01:19:48,53.596,19.5685,51.78,71,39,10.27
569,Biak,ID,2022-09-17 01:19:48,-0.9131,122.8766,80.44,69,100,4.88
570,Balkhash,KZ,2022-09-17 01:19:49,46.844,74.9804,43.41,56,0,15.66
571,Hovd,MN,2022-09-17 01:19:49,48.0056,91.6419,44.06,65,84,4.5
572,Chizhou,CN,2022-09-17 01:19:50,30.6578,117.4831,80.08,55,0,3.4
